period_begin,San Francisco,San Diego,Los Angeles,CA_average
2017-01-02,1229018.7,618570.8,611561.0,492258.4377358491
2017-01-09,1233393.7,621737.5,614061.0,493710.6396226416
2017-01-16,1239977.0,625820.8,617311.0,495369.4169811322
2017-01-23,1247977.0,629491.6,620644.3,497191.662264151
2017-01-30,1253310.4,632824.0,624541.6,499286.2075471699
2017-02-06,1258643.7,636571.9,628700.0,500903.74716981134
2017-02-13,1265083.3,639080.2,632445.8,502455.4679245284
2017-02-20,1273083.3,641163.5,635487.5,504475.2150943397
2017-02-27,1281000.0,643746.9,638070.8,506523.5301886793
2017-03-06,1287000.0,646654.2,640562.5,507711.30943396233
2017-03-13,1288583.3,649570.9,642645.8,502868.4981481482
2017-03-20,1285416.6,651987.5,644729.1,503645.10555555555
2017-03-27,1283000.0,652895.9,646479.1,504260.95
2017-04-03,1281875.0,653812.5,648479.1,504894.7870370371
2017-04-10,1279375.0,653895.8,649395.8,505193.04259259265
2017-04-17,1275541.6,653979.1,650229.1,505753.6111111112
2017-04-24,1270541.6,653971.8,650312.5,506080.68703703705
2017-05-01,1267541.6,653140.5,650320.8,506028.7277777779
2017-05-08,1261166.6,653140.5,650325.0,505981.9685185186
2017-05-15,1257333.3,653140.5,650325.0,505772.44999999995
2017-05-22,1249333.3,652390.5,650325.0,505502.4537037037
2017-05-29,1245375.0,651558.2,650333.3,505327.837037037
2017-06-05,1243791.6,650641.5,650333.3,500549.9272727274
2017-06-12,1243708.3,649808.2,650325.0,500755.22181818186
2017-06-19,1246208.3,649733.2,650316.6,500865.1836363636
2017-06-26,1246291.6,649316.6,649975.0,500663.43454545457
2017-07-03,1248458.3,648900.0,649966.6,500509.2672727273
2017-07-10,1252291.6,648816.6,649958.3,500493.4072727274
2017-07-17,1257291.6,648741.6,649958.3,500601.6909090909
2017-07-24,1259625.0,648325.0,649958.3,500600.1072727273
2017-07-31,1263708.3,647908.3,650458.3,500790.86545454554
2017-08-07,1270458.3,646991.6,651270.8,501416.4218181818
2017-08-14,1279333.3,646075.0,652020.8,502289.15818181826
2017-08-21,1285625.0,645166.6,652687.5,503241.04181818175
2017-08-28,1289375.0,644416.6,653095.8,504340.4981818182
2017-09-04,1293208.3,644416.6,653812.5,505464.8036363637
2017-09-11,1294458.3,644083.3,653820.8,506506.1781818182
2017-09-18,1298500.0,644104.1,653829.1,507850.0927272728
2017-09-25,1300583.3,643679.1,653837.5,509367.2654545455
2017-10-02,1300916.6,643345.8,653845.8,510835.77090909093
2017-10-09,1301333.3,643345.8,653845.8,512552.7272727273
2017-10-16,1301000.0,643679.1,653845.8,514507.68363636365
2017-10-23,1299416.6,643257.9,653345.8,515217.78909090906
2017-10-30,1296500.0,643341.2,653200.0,516384.88000000006
2017-11-06,1295958.3,644174.5,653200.0,516947.7018181818
2017-11-13,1295541.6,645007.9,653283.3,517427.5890909092
2017-11-20,1295791.6,645757.9,653625.0,518535.30909090914
2017-11-27,1299708.3,645841.2,654166.6,518913.6381818181
2017-12-04,1302375.0,646257.9,656000.0,519072.170909091
2017-12-11,1304583.3,646653.7,658350.0,518599.6345454545
2017-12-18,1304166.6,647495.4,661266.6,517872.9127272727
2017-12-25,1306500.0,647912.0,664516.6,516966.0672727274
2018-01-01,1308333.3,648412.0,667849.5,515852.27090909093
2018-01-08,1310833.3,649745.4,671182.8,514255.7563636364
2018-01-15,1316624.9,652083.3,675266.1,514927.2163636363
2018-01-22,1321124.9,654500.0,678682.8,514912.50000000006
2018-01-29,1327458.2,656241.6,682016.1,514800.3290909091
2018-02-05,1332041.6,657991.6,685349.5,515101.510909091
2018-02-12,1336374.9,659824.9,688682.8,514662.1600000001
2018-02-19,1338416.6,661908.2,691516.1,514853.11090909096
2018-02-26,1337208.2,664324.9,693841.1,515387.28363636375
2018-03-05,1343041.6,666741.5,695574.5,516392.2290909092
2018-03-12,1348733.2,669158.2,696741.1,524720.3740740741
2018-03-19,1353566.6,671262.4,697574.5,519009.4090909091
2018-03-26,1359649.9,673262.4,698399.9,520021.0727272728
2018-04-02,1365483.2,674504.0,699225.0,521060.99636363646
2018-04-09,1369525.0,675420.7,699300.0,521823.52909090905
2018-04-16,1373358.3,675920.7,699375.0,522500.4018181818
2018-04-23,1375025.0,676345.7,699441.6,523187.5690909091
2018-04-30,1378525.0,676754.0,699516.6,523579.0163636364
2018-05-07,1378525.0,676662.5,699516.6,523749.5327272727
2018-05-14,1377066.6,675662.5,699516.6,523689.50727272726
2018-05-21,1376025.0,673995.8,699441.6,523363.7818181818
2018-05-28,1367691.6,671579.1,699358.3,522900.56181818177
2018-06-04,1362000.0,669162.5,699025.0,522741.0781818182
2018-06-11,1354500.0,667058.2,698266.6,522608.8163636364
2018-06-18,1346583.3,664641.5,697441.6,522231.5472727273
2018-06-25,1342750.0,662149.8,697033.3,522071.5654545455
2018-07-02,1341666.6,659724.8,696645.8,522093.15818181826
2018-07-09,1341166.6,657633.1,696570.8,522092.7472727273
2018-07-16,1341166.6,655466.5,696487.5,521932.07090909104
2018-07-23,1341416.6,653308.1,696079.1,521556.75272727286
2018-07-30,1345166.6,651566.5,695745.8,521294.5127272727
2018-08-06,1349000.0,650399.8,695662.5,521093.1563636364
2018-08-13,1356916.6,649566.5,695329.1,521085.58545454557
2018-08-20,1365250.0,649483.1,694662.5,520661.8945454546
2018-08-27,1373583.3,649399.8,694162.5,520005.0127272729
2018-09-03,1381916.6,649316.5,694087.5,519466.4854545456
2018-09-10,1389583.3,649233.2,693670.8,518341.4600000001
2018-09-17,1393416.6,649150.0,692837.5,517362.52363636374
2018-09-24,1394250.0,649075.0,691975.0,516252.79636363644
2018-10-01,1393833.3,649000.0,690383.3,515079.6145454546
2018-10-08,1385833.3,649000.0,688808.3,513729.3545454546
2018-10-15,1377833.3,649000.0,687475.0,512427.78545454534
2018-10-22,1369833.3,649000.0,685808.3,511115.7472727273
2018-10-29,1366079.1,649000.0,684225.0,509911.34181818186
2018-11-05,1365495.8,649000.0,683345.3,509067.67272727273
2018-11-12,1364912.5,649075.0,682512.0,508982.9018181818
2018-11-19,1364700.0,649075.0,682428.6,509126.96545454545
2018-11-26,1364700.0,649075.0,682512.0,509244.74909090914
2018-12-03,1364950.0,649158.3,683428.5,509891.75999999995
2018-12-10,1365283.3,649983.3,684511.9,510776.15090909094
2018-12-17,1365616.6,650900.0,685686.9,512062.28727272735
2018-12-24,1366783.3,652514.4,687278.5,513734.68909090915
2018-12-31,1375116.6,654618.5,688949.4,516112.74000000005
2019-01-07,1386241.6,656785.2,690699.3,518706.02545454545
2019-01-14,1400533.3,659285.2,693991.0,521872.60363636364
2019-01-21,1408870.8,662201.9,697324.3,524828.7145454546
2019-01-28,1414037.5,665201.9,700287.2,527769.9436363635
2019-02-04,1421695.8,668535.2,704037.2,530504.5854545456
2019-02-11,1430241.6,671943.5,707528.9,533178.4727272728
2019-02-18,1438575.0,675276.9,710862.2,535714.3218181819
2019-02-25,1446908.3,678601.9,714529.0,538276.1672727274
2019-03-04,1454908.3,681610.2,718445.7,540178.7636363637
2019-03-11,1463241.6,684856.0,722612.3,541893.4454545454
2019-03-18,1471575.0,687074.9,726779.0,543222.8654545454
2019-03-25,1479575.0,688804.1,730908.1999999998,543974.2690909093
2019-04-01,1484783.3,689970.8,735074.5,544780.9
2019-04-08,1486825.0,690679.1,738032.6999999998,544869.9618181819
2019-04-15,1490825.0,691170.8,740615.5,545370.0818181818
2019-04-22,1494575.0,691400.0,743107.1999999998,545068.2763636364
2019-04-29,1495833.3,690574.1,745182.1999999998,544356.3163636365
2019-05-06,1495833.3,690165.8,746773.8,543636.9490909092
2019-05-13,1495833.3,690165.8,748431.1999999998,542798.7272727273
2019-05-20,1487916.6,690155.2,749181.1999999998,541812.4381818182
2019-05-27,1479583.3,689730.2,749514.5,540981.5727272729
2019-06-03,1471166.6,688984.4,749514.5,547239.462962963
2019-06-10,1462916.6,688567.7,749431.1999999998,546548.3037037038
2019-06-17,1454999.9,688142.7,749389.5,546176.7518518519
2019-06-24,1451124.9,688142.7,749306.6,545615.6851851852
2019-07-01,1447249.9,688351.0,749306.6,545515.9777777777
2019-07-08,1443255.2,688317.7,749307.1999999998,545269.4814814815
2019-07-15,1439505.2,688421.9,749315.5,545613.9703703704
2019-07-22,1435755.2,688797.7,749323.9,546000.0277777779
2019-07-29,1432421.8,688381.0,749448.9,546328.3611111111
2019-08-05,1432421.8,688089.3,749458.1999999998,546634.2370370372
2019-08-12,1440338.5,688024.9,749541.5,547090.6814814816
2019-08-19,1448671.8,687949.9,750374.9,547498.2537037038
2019-08-26,1456755.2,687574.9,750999.9,547764.162962963
2019-09-02,1464880.2,687158.2,751166.5,548120.3759259261
2019-09-09,1473130.2,687083.2,751249.9,548206.0685185186
2019-09-16,1481588.5,686249.9,751333.1999999998,548274.5074074074
2019-09-23,1486921.9,685416.6,751291.6,547972.2611111113
2019-09-30,1495250.0,685449.9,751208.3,547726.4925925927
2019-10-07,1503583.3,686283.2,751200.0,547710.4037037038
2019-10-14,1507708.3,687441.6,751116.6,548132.012962963
2019-10-21,1511041.6,688275.0,750991.6,548426.587037037
2019-10-28,1509791.6,688233.3,750983.3,548827.224074074
2019-11-04,1508125.0,687483.3,750983.3,549535.262962963
2019-11-11,1508125.0,687566.5,750233.3,550566.5870370371
2019-11-18,1508125.0,688358.2,750933.3,551573.9055555556
2019-11-25,1508000.0,689191.5,752516.6,552281.5777777778
2019-12-02,1509750.0,690045.7,754933.3,552994.3814814815
2019-12-09,1506208.3,692629.0,757433.3,553973.0574074076
2019-12-16,1505083.3,695879.0,760725.0,555226.7666666667
2019-12-23,1500916.6,697970.7,764558.3,556400.6925925927
2019-12-30,1496750.0,699304.0,767733.3,557088.8962962964
2020-01-06,1496791.6,700187.4,770316.6,557238.6981481483
2020-01-13,1497208.3,701437.4,772900.0,557664.4574074073
2020-01-20,1501541.6,702679.0,775325.0,558230.6814814815
2020-01-27,1503625.0,704337.4,777408.3,558402.2703703704
2020-02-03,1503875.0,705162.5,779491.6,558409.3518518518
2020-02-10,1504125.0,705495.8,780333.3,558982.0611111111
2020-02-17,1504125.0,706829.1,781241.1,560150.9222222222
2020-02-24,1502041.6,708557.9,781866.1,561313.3592592592
2020-03-02,1501000.0,710141.2,783116.1,562454.2777777778
2020-03-09,1500166.6,711807.9,783949.5,563517.2962962964
2020-03-16,1498875.0,713474.5,784282.8,565299.7759259259
2020-03-23,1494708.3,715974.5,785282.8,567488.4037037037
2020-03-30,1486375.0,719382.9,788532.8,570330.2888888889
2020-04-06,1480125.0,723132.9,791948.6,572894.0796296296
2020-04-13,1469125.0,727307.9,796607.0,575669.4962962964
2020-04-20,1460708.3,732212.0,801857.0,578210.8962962963
2020-04-27,1452125.0,736387.0,807140.3,580810.3777777777
2020-05-04,1443541.6,740628.6,813302.6,582793.0444444445
2020-05-11,1435208.3,743878.6,819061.4,576139.7254545455
2020-05-18,1426875.0,746295.6999999998,824353.0,578096.1618181819
2020-05-25,1418541.6,747204.0,828936.1999999998,579966.2181818181
2020-06-01,1410708.3,747287.4,833186.1999999998,581848.6890909092
2020-06-08,1402833.3,747695.6999999998,837436.1999999998,583118.04
2020-06-15,1396083.3,747279.0,841602.9,583597.0454545454
2020-06-22,1393291.6,746870.6999999998,844186.1999999998,583795.3036363637
2020-06-29,1387041.6,746787.4,846603.6999999998,583519.2363636364
2020-07-06,1382791.6,745870.6999999998,847862.1,585860.7836363637
2020-07-13,1378625.0,744099.9,848862.1,587550.2890909092
2020-07-20,1374791.6,743183.3,849828.6999999998,588716.78
2020-07-27,1370958.3,742775.0,849916.5,589621.1927272727
2020-08-03,1365125.0,742350.0,849999.8,591223.7454545456
2020-08-10,1357208.1,741807.9,849999.9,592457.761818182
2020-08-17,1349208.1,741732.9,850416.6,593530.9763636364
2020-08-24,1340874.7,740899.5,851666.6,594737.5054545455
2020-08-31,1332958.1,740074.5,852500.0,594474.9018181819
2020-09-07,1326791.4,740824.5,854166.6,594550.6254545456
2020-09-14,1321083.1,740657.0,855750.0,594318.0672727274
2020-09-21,1316499.7,740657.0,857000.0,595119.4363636364
2020-09-28,1311416.4,741573.6,858250.0,595811.0781818182
2020-10-05,1304958.1,742664.0,860333.1999999998,596694.3745454546
2020-10-12,1299124.7,744414.0,862416.5,597632.450909091
2020-10-19,1292958.1,744747.4,863666.5,598021.8436363636
2020-10-26,1288124.7,745164.0,865082.8,598701.8127272727
2020-11-02,1286041.6,746539.5,867166.0,599546.6436363637
2020-11-09,1285208.3,747456.1,869124.4,600446.1145454546
2020-11-16,1283541.6,749122.8,870291.0,601415.2054545454
2020-11-23,1282041.6,751206.1,872120.1999999998,601615.3254545456
2020-11-30,1280333.3,753372.8,873328.5,602053.5545454546
2020-12-07,1278416.6,756040.3,874995.1999999998,603897.5436363637
2020-12-14,1278416.6,758207.0,877070.1999999998,605386.3800000001
2020-12-21,1279000.0,760290.4,879070.1999999998,607008.0
2020-12-28,1280541.6,762741.6,880320.1999999998,608394.450909091
2021-01-04,1281875.0,764325.0,882236.9,609833.6418181818
2021-01-11,1283541.6,768158.3,885070.1999999998,611297.6781818182
2021-01-18,1285875.0,772250.0,887737.3,612871.2090909091
2021-01-25,1287541.6,775583.3,889737.4,613942.8745454547
2021-02-01,1288041.6,779666.6,891445.6999999998,614746.3090909091
2021-02-08,1289708.3,783750.0,893195.5,615782.2563636363
2021-02-15,1291541.6,787416.6,894691.4,617536.5654545454
2021-02-22,1297833.3,789416.6,895974.6999999998,619415.9945454546
2021-03-01,1304083.3,791083.3,896887.1999999998,620233.4945454546
2021-03-08,1304416.6,792750.0,897728.9,621973.3927272727
2021-03-15,1309000.0,794750.0,898645.5,623636.2672727272
2021-03-22,1316083.3,796333.3,899478.9,625158.8345454544
2021-03-29,1320583.3,798000.0,899645.5,625909.9327272729
2021-04-05,1320916.6,798408.3,899720.5,627260.7818181816
2021-04-12,1321166.6,798483.3,899795.5,628271.42
2021-04-19,1321166.6,798483.3,899870.5,629281.318181818
2021-04-26,1321166.6,798558.3,899870.5,630877.6872727274
2021-05-03,1321416.6,798633.3,899787.3,631833.8218181819
2021-05-10,1321333.3,798708.3,899629.0,632250.5490909092
2021-05-17,1316750.0,798782.3,898804.0,632456.4418181819
2021-05-24,1312416.6,799190.6,897974.8,632629.4272727272
2021-05-31,1312083.3,799607.3,896724.8,631736.1272727273
2021-06-07,1307833.3,799690.6,894724.8,630335.0072727274
2021-06-14,1301500.0,799765.1,892641.5,629228.2745454547
2021-06-21,1297833.3,799848.3,890558.3,628798.8636363636
2021-06-28,1305416.6,799848.3,888483.3,628462.1981818182
2021-07-05,1313500.0,799847.8,886408.3,628195.6036363636
2021-07-12,1321833.3,799931.1,884333.3,628200.5545454547
2021-07-19,1327666.6,799939.3,882333.3,628168.9872727273
2021-07-26,1335750.0,799947.6999999998,880750.0,628746.2563636363
2021-08-02,1343833.3,801989.3,879666.6,629764.6527272727
2021-08-09,1352166.6,803998.6999999998,879366.6,631123.849090909
2021-08-16,1357750.0,805257.0,878533.3,632378.1745454546
2021-08-23,1362333.3,805340.3,878100.0,633702.5654545457
2021-08-30,1366166.6,806173.6999999998,878425.0,635111.4454545454
2021-09-06,1368333.3,808265.9,879258.3,636568.5945454547
2021-09-13,1367833.3,808266.0,879591.6,638073.0836363636
2021-09-20,1362500.0,808274.1999999998,879958.3,639237.1981818182
2021-09-27,1354495.3,810366.4,880125.0,640358.7727272728
2021-10-04,1346495.3,812816.5,880125.0,641660.5109090907
2021-10-11,1342120.3,816149.9,880458.3,642586.3618181819
2021-10-18,1333787.0,817733.1999999998,880041.6,643362.0145454546
2021-10-25,1325787.0,817366.6,879541.6,643755.130909091
2021-11-01,1317870.3,818008.1999999998,879008.3,644276.2654545455
2021-11-08,1312401.5,820008.1999999998,879753.6,647316.9418181819
2021-11-15,1308182.8,824091.6,881020.3,650536.2327272728
2021-11-22,1304016.1,827424.9,882278.6,652565.0763636365
2021-11-29,1301516.1,829508.1999999998,883445.3,654171.4345454543
2021-12-06,1301516.1,835758.1999999998,885112.0,655858.46
2021-12-13,1299182.8,842029.1,886819.3,658251.3
2021-12-20,1300354.1,846612.5,888727.6,661204.5527272727
2021-12-27,1300354.1,851579.1,890802.6,663950.9000000001
2022-01-03,1299145.8,856495.6999999998,892544.3,667309.8
2022-01-10,1299437.5,863245.6,894627.5,670355.8072727275
2022-01-17,1299104.1,869912.1999999998,896377.5,673644.8163636365
2022-01-24,1294937.5,876520.6,898035.8,676477.0963636363
2022-01-31,1292822.9,881587.1999999998,898957.1,676745.3436363636
2022-02-07,1292458.3,885670.6,899373.6999999998,676814.1763636363
2022-02-14,1291958.3,889837.1999999998,900665.4,678162.329090909
2022-02-21,1291958.3,894003.8,902415.4,680338.2890909092
2022-02-28,1291625.0,896087.1,903248.7,682165.2036363635
2022-03-07,1291375.0,898149.6,903258.0,683471.4563636363
2022-03-14,1289875.0,900649.6,904933.0,684660.0654545458
2022-03-21,1289791.6,901566.3,906774.7,685945.6836363635
2022-03-28,1289875.0,901649.6,906783.0,686582.3618181818
2022-04-04,1289916.6,902899.8,906783.1,687180.1399999999
2022-04-11,1290250.0,902899.8,906782.4,687730.7199999999
2022-04-18,1294000.0,901983.0,906786.5,688234.9454545454
2022-04-25,1295750.0,901916.4,906744.9,688836.8418181819
